{ "columns":0,
 "grid":
    {
     "height":1,
     "orientation":"orthogonal",
     "width":1
    },
 "margin":0,
 "name":"dirt",
 "spacing":0,
 "tilecount":18,
 "tiledversion":"1.4.3",
 "tileheight":128,
 "tiles":[
        {
         "id":0,
         "image":"..\/images\/tiles\/dirt.png",
         "imageheight":128,
         "imagewidth":128
        }, 
        {
         "id":1,
         "image":"..\/images\/tiles\/dirtCenter.png",
         "imageheight":128,
         "imagewidth":128
        }, 
        {
         "id":2,
         "image":"..\/images\/tiles\/dirtCenter_rounded.png",
         "imageheight":128,
         "imagewidth":128
        }, 
        {
         "id":3,
         "image":"..\/images\/tiles\/dirtCliff_left.png",
         "imageheight":128,
         "imagewidth":128
        }, 
        {
         "id":4,
         "image":"..\/images\/tiles\/dirtCliff_right.png",
         "imageheight":128,
         "imagewidth":128
        }, 
        {
         "id":5,
         "image":"..\/images\/tiles\/dirtCliffAlt_left.png",
         "imageheight":128,
         "imagewidth":128
        }, 
        {
         "id":6,
         "image":"..\/images\/tiles\/dirtCliffAlt_right.png",
         "imageheight":128,
         "imagewidth":128
        }, 
        {
         "id":7,
         "image":"..\/images\/tiles\/dirtCorner_left.png",
         "imageheight":128,
         "imagewidth":128
        }, 
        {
         "id":8,
         "image":"..\/images\/tiles\/dirtCorner_right.png",
         "imageheight":128,
         "imagewidth":128
        }, 
        {
         "id":9,
         "image":"..\/images\/tiles\/dirtHalf.png",
         "imageheight":128,
         "imagewidth":128,
         "objectgroup":
            {
             "draworder":"index",
             "name":"",
             "objects":[
                    {
                     "height":0,
                     "id":1,
                     "name":"",
                     "polygon":[
                            {
                             "x":0,
                             "y":0
                            }, 
                            {
                             "x":10.7273,
                             "y":-11.6364
                            }, 
                            {
                             "x":118.182,
                             "y":-11.8182
                            }, 
                            {
                             "x":127.636,
                             "y":-1.81818
                            }, 
                            {
                             "x":127.636,
                             "y":50.1818
                            }, 
                            {
                             "x":116.727,
                             "y":61.4545
                            }, 
                            {
                             "x":10.9091,
                             "y":61.6364
                            }, 
                            {
                             "x":0.181818,
                             "y":49.6364
                            }],
                     "rotation":0,
                     "type":"",
                     "visible":true,
                     "width":0,
                     "x":0,
                     "y":12
                    }],
             "opacity":1,
             "type":"objectgroup",
             "visible":true,
             "x":0,
             "y":0
            }
        }, 
        {
         "id":10,
         "image":"..\/images\/tiles\/dirtHalf_left.png",
         "imageheight":128,
         "imagewidth":128,
         "objectgroup":
            {
             "draworder":"index",
             "name":"",
             "objects":[
                    {
                     "height":0,
                     "id":2,
                     "name":"",
                     "polygon":[
                            {
                             "x":0,
                             "y":0
                            }, 
                            {
                             "x":128,
                             "y":0
                            }, 
                            {
                             "x":128,
                             "y":74
                            }, 
                            {
                             "x":0,
                             "y":74
                            }],
                     "rotation":0,
                     "type":"",
                     "visible":true,
                     "width":0,
                     "x":0,
                     "y":0
                    }],
             "opacity":1,
             "type":"objectgroup",
             "visible":true,
             "x":0,
             "y":0
            }
        }, 
        {
         "id":11,
         "image":"..\/images\/tiles\/dirtHalf_mid.png",
         "imageheight":128,
         "imagewidth":128,
         "objectgroup":
            {
             "draworder":"index",
             "name":"",
             "objects":[
                    {
                     "height":74,
                     "id":1,
                     "name":"",
                     "rotation":0,
                     "type":"",
                     "visible":true,
                     "width":128,
                     "x":0,
                     "y":0
                    }],
             "opacity":1,
             "type":"objectgroup",
             "visible":true,
             "x":0,
             "y":0
            }
        }, 
        {
         "id":12,
         "image":"..\/images\/tiles\/dirtHalf_right.png",
         "imageheight":128,
         "imagewidth":128,
         "objectgroup":
            {
             "draworder":"index",
             "name":"",
             "objects":[
                    {
                     "height":0,
                     "id":3,
                     "name":"",
                     "polygon":[
                            {
                             "x":0,
                             "y":0
                            }, 
                            {
                             "x":128,
                             "y":0
                            }, 
                            {
                             "x":128,
                             "y":-74
                            }, 
                            {
                             "x":0,
                             "y":-74
                            }],
                     "rotation":0,
                     "type":"",
                     "visible":true,
                     "width":0,
                     "x":0,
                     "y":74
                    }],
             "opacity":1,
             "type":"objectgroup",
             "visible":true,
             "x":0,
             "y":0
            }
        }, 
        {
         "id":13,
         "image":"..\/images\/tiles\/dirtHill_left.png",
         "imageheight":128,
         "imagewidth":128
        }, 
        {
         "id":14,
         "image":"..\/images\/tiles\/dirtHill_right.png",
         "imageheight":128,
         "imagewidth":128
        }, 
        {
         "id":15,
         "image":"..\/images\/tiles\/dirtLeft.png",
         "imageheight":128,
         "imagewidth":128
        }, 
        {
         "id":16,
         "image":"..\/images\/tiles\/dirtMid.png",
         "imageheight":128,
         "imagewidth":128
        }, 
        {
         "id":17,
         "image":"..\/images\/tiles\/dirtRight.png",
         "imageheight":128,
         "imagewidth":128
        }],
 "tilewidth":128,
 "type":"tileset",
 "version":1.4
}