{ "backgroundcolor":"#ddffff",
 "compressionlevel":-1,
 "height":15,
 "infinite":false,
 "layers":[
        {
         "compression":"zlib",
         "data":"eJxjYBgFo2AUjIJRMApGwXACnWj8bijuGAC3oAOQ25qR+CB31UBxEwPxbpwLxPPw4PlIaueRoK+GCIxPP8xuALbUGsc=",
         "encoding":"base64",
         "height":15,
         "id":1,
         "name":"Platforms",
         "opacity":1,
         "type":"tilelayer",
         "visible":true,
         "width":40,
         "x":0,
         "y":0
        }, 
        {
         "compression":"zlib",
         "data":"eJxjYBgFo2AUjIJRMApGwSggH\/BSWd1wAAAjYAAb",
         "encoding":"base64",
         "height":15,
         "id":3,
         "name":"Coins",
         "opacity":1,
         "type":"tilelayer",
         "visible":true,
         "width":40,
         "x":0,
         "y":0
        }, 
        {
         "compression":"zlib",
         "data":"eJxjYBgFo2AUjIJRMApGwXADS5HwYARLkPBwBACPMAPc",
         "encoding":"base64",
         "height":15,
         "id":4,
         "name":"Foreground",
         "opacity":1,
         "type":"tilelayer",
         "visible":true,
         "width":40,
         "x":0,
         "y":0
        }, 
        {
         "compression":"zlib",
         "data":"eJxjYBgFo2AUjIJRMApGwSjAD6pppHa4AgAYawD3",
         "encoding":"base64",
         "height":15,
         "id":5,
         "name":"Background",
         "opacity":1,
         "type":"tilelayer",
         "visible":false,
         "width":40,
         "x":0,
         "y":0
        }, 
        {
         "compression":"zlib",
         "data":"eJxjYBgFo2AUjIJRMApGwSgYfqAXitHZ9AAACP8CNQ==",
         "encoding":"base64",
         "height":15,
         "id":2,
         "name":"Don't Touch",
         "opacity":1,
         "type":"tilelayer",
         "visible":false,
         "width":40,
         "x":0,
         "y":0
        }],
 "nextlayerid":6,
 "nextobjectid":1,
 "orientation":"orthogonal",
 "renderorder":"right-down",
 "tiledversion":"1.4.3",
 "tileheight":128,
 "tilesets":[
        {
         "columns":0,
         "firstgid":1,
         "grid":
            {
             "height":1,
             "orientation":"orthogonal",
             "width":1
            },
         "margin":0,
         "name":"tiles",
         "spacing":0,
         "tilecount":166,
         "tileheight":128,
         "tiles":[
                {
                 "id":0,
                 "image":"..\/images\/items\/coinBronze.png",
                 "imageheight":128,
                 "imagewidth":128
                }, 
                {
                 "id":1,
                 "image":"..\/images\/items\/coinGold.png",
                 "imageheight":128,
                 "imagewidth":128
                }, 
                {
                 "id":2,
                 "image":"..\/images\/items\/coinSilver.png",
                 "imageheight":128,
                 "imagewidth":128
                }, 
                {
                 "id":3,
                 "image":"..\/images\/items\/flagGreen_down.png",
                 "imageheight":128,
                 "imagewidth":128
                }, 
                {
                 "id":4,
                 "image":"..\/images\/items\/flagGreen1.png",
                 "imageheight":128,
                 "imagewidth":128
                }, 
                {
                 "id":5,
                 "image":"..\/images\/items\/flagGreen2.png",
                 "imageheight":128,
                 "imagewidth":128
                }, 
                {
                 "id":6,
                 "image":"..\/images\/items\/flagRed_down.png",
                 "imageheight":128,
                 "imagewidth":128
                }, 
                {
                 "id":7,
                 "image":"..\/images\/items\/flagRed1.png",
                 "imageheight":128,
                 "imagewidth":128
                }, 
                {
                 "id":8,
                 "image":"..\/images\/items\/flagRed2.png",
                 "imageheight":128,
                 "imagewidth":128
                }, 
                {
                 "id":9,
                 "image":"..\/images\/items\/flagYellow_down.png",
                 "imageheight":128,
                 "imagewidth":128
                }, 
                {
                 "id":10,
                 "image":"..\/images\/items\/flagYellow1.png",
                 "imageheight":128,
                 "imagewidth":128
                }, 
                {
                 "id":11,
                 "image":"..\/images\/items\/flagYellow2.png",
                 "imageheight":128,
                 "imagewidth":128
                }, 
                {
                 "id":12,
                 "image":"..\/images\/items\/gemBlue.png",
                 "imageheight":128,
                 "imagewidth":128
                }, 
                {
                 "id":13,
                 "image":"..\/images\/items\/gemGreen.png",
                 "imageheight":128,
                 "imagewidth":128
                }, 
                {
                 "id":14,
                 "image":"..\/images\/items\/gemRed.png",
                 "imageheight":128,
                 "imagewidth":128
                }, 
                {
                 "id":15,
                 "image":"..\/images\/items\/gemYellow.png",
                 "imageheight":128,
                 "imagewidth":128
                }, 
                {
                 "id":16,
                 "image":"..\/images\/items\/keyBlue.png",
                 "imageheight":128,
                 "imagewidth":128
                }, 
                {
                 "id":17,
                 "image":"..\/images\/items\/keyGreen.png",
                 "imageheight":128,
                 "imagewidth":128
                }, 
                {
                 "id":18,
                 "image":"..\/images\/items\/keyRed.png",
                 "imageheight":128,
                 "imagewidth":128
                }, 
                {
                 "id":19,
                 "image":"..\/images\/items\/keyYellow.png",
                 "imageheight":128,
                 "imagewidth":128
                }, 
                {
                 "id":20,
                 "image":"..\/images\/items\/star.png",
                 "imageheight":128,
                 "imagewidth":128
                }, 
                {
                 "id":21,
                 "image":"..\/images\/tiles\/boxCrate.png",
                 "imageheight":128,
                 "imagewidth":128
                }, 
                {
                 "id":22,
                 "image":"..\/images\/tiles\/boxCrate_double.png",
                 "imageheight":128,
                 "imagewidth":128
                }, 
                {
                 "id":23,
                 "image":"..\/images\/tiles\/boxCrate_single.png",
                 "imageheight":128,
                 "imagewidth":128
                }, 
                {
                 "id":24,
                 "image":"..\/images\/tiles\/brickBrown.png",
                 "imageheight":128,
                 "imagewidth":128
                }, 
                {
                 "id":25,
                 "image":"..\/images\/tiles\/brickGrey.png",
                 "imageheight":128,
                 "imagewidth":128
                }, 
                {
                 "id":26,
                 "image":"..\/images\/tiles\/bridgeA.png",
                 "imageheight":128,
                 "imagewidth":128
                }, 
                {
                 "id":27,
                 "image":"..\/images\/tiles\/bridgeB.png",
                 "imageheight":128,
                 "imagewidth":128
                }, 
                {
                 "id":28,
                 "image":"..\/images\/tiles\/bush.png",
                 "imageheight":128,
                 "imagewidth":128
                }, 
                {
                 "id":29,
                 "image":"..\/images\/tiles\/cactus.png",
                 "imageheight":128,
                 "imagewidth":128
                }, 
                {
                 "id":30,
                 "image":"..\/images\/tiles\/dirt.png",
                 "imageheight":128,
                 "imagewidth":128
                }, 
                {
                 "id":31,
                 "image":"..\/images\/tiles\/dirtCenter.png",
                 "imageheight":128,
                 "imagewidth":128
                }, 
                {
                 "id":32,
                 "image":"..\/images\/tiles\/dirtCenter_rounded.png",
                 "imageheight":128,
                 "imagewidth":128
                }, 
                {
                 "id":33,
                 "image":"..\/images\/tiles\/dirtCliff_left.png",
                 "imageheight":128,
                 "imagewidth":128
                }, 
                {
                 "id":34,
                 "image":"..\/images\/tiles\/dirtCliff_right.png",
                 "imageheight":128,
                 "imagewidth":128
                }, 
                {
                 "id":35,
                 "image":"..\/images\/tiles\/dirtCliffAlt_left.png",
                 "imageheight":128,
                 "imagewidth":128
                }, 
                {
                 "id":36,
                 "image":"..\/images\/tiles\/dirtCliffAlt_right.png",
                 "imageheight":128,
                 "imagewidth":128
                }, 
                {
                 "id":37,
                 "image":"..\/images\/tiles\/dirtCorner_left.png",
                 "imageheight":128,
                 "imagewidth":128
                }, 
                {
                 "id":38,
                 "image":"..\/images\/tiles\/dirtCorner_right.png",
                 "imageheight":128,
                 "imagewidth":128
                }, 
                {
                 "id":39,
                 "image":"..\/images\/tiles\/dirtHalf.png",
                 "imageheight":128,
                 "imagewidth":128
                }, 
                {
                 "id":40,
                 "image":"..\/images\/tiles\/dirtHalf_left.png",
                 "imageheight":128,
                 "imagewidth":128
                }, 
                {
                 "id":41,
                 "image":"..\/images\/tiles\/dirtHalf_mid.png",
                 "imageheight":128,
                 "imagewidth":128
                }, 
                {
                 "id":42,
                 "image":"..\/images\/tiles\/dirtHalf_right.png",
                 "imageheight":128,
                 "imagewidth":128
                }, 
                {
                 "id":43,
                 "image":"..\/images\/tiles\/dirtHill_left.png",
                 "imageheight":128,
                 "imagewidth":128
                }, 
                {
                 "id":44,
                 "image":"..\/images\/tiles\/dirtHill_right.png",
                 "imageheight":128,
                 "imagewidth":128
                }, 
                {
                 "id":45,
                 "image":"..\/images\/tiles\/dirtLeft.png",
                 "imageheight":128,
                 "imagewidth":128
                }, 
                {
                 "id":46,
                 "image":"..\/images\/tiles\/dirtMid.png",
                 "imageheight":128,
                 "imagewidth":128
                }, 
                {
                 "id":47,
                 "image":"..\/images\/tiles\/dirtRight.png",
                 "imageheight":128,
                 "imagewidth":128
                }, 
                {
                 "id":48,
                 "image":"..\/images\/tiles\/doorClosed_mid.png",
                 "imageheight":128,
                 "imagewidth":128
                }, 
                {
                 "id":49,
                 "image":"..\/images\/tiles\/doorClosed_top.png",
                 "imageheight":128,
                 "imagewidth":128
                }, 
                {
                 "id":50,
                 "image":"..\/images\/tiles\/grass.png",
                 "imageheight":128,
                 "imagewidth":128
                }, 
                {
                 "id":51,
                 "image":"..\/images\/tiles\/grass_sprout.png",
                 "imageheight":128,
                 "imagewidth":128
                }, 
                {
                 "id":52,
                 "image":"..\/images\/tiles\/grassCenter.png",
                 "imageheight":128,
                 "imagewidth":128
                }, 
                {
                 "id":53,
                 "image":"..\/images\/tiles\/grassCenter_round.png",
                 "imageheight":128,
                 "imagewidth":128
                }, 
                {
                 "id":54,
                 "image":"..\/images\/tiles\/grassCliff_left.png",
                 "imageheight":128,
                 "imagewidth":128
                }, 
                {
                 "id":55,
                 "image":"..\/images\/tiles\/grassCliff_right.png",
                 "imageheight":128,
                 "imagewidth":128
                }, 
                {
                 "id":56,
                 "image":"..\/images\/tiles\/grassCliffAlt_left.png",
                 "imageheight":128,
                 "imagewidth":128
                }, 
                {
                 "id":57,
                 "image":"..\/images\/tiles\/grassCliffAlt_right.png",
                 "imageheight":128,
                 "imagewidth":128
                }, 
                {
                 "id":58,
                 "image":"..\/images\/tiles\/grassCorner_left.png",
                 "imageheight":128,
                 "imagewidth":128
                }, 
                {
                 "id":59,
                 "image":"..\/images\/tiles\/grassCorner_right.png",
                 "imageheight":128,
                 "imagewidth":128
                }, 
                {
                 "id":60,
                 "image":"..\/images\/tiles\/grassHalf.png",
                 "imageheight":128,
                 "imagewidth":128
                }, 
                {
                 "id":61,
                 "image":"..\/images\/tiles\/grassHalf_left.png",
                 "imageheight":128,
                 "imagewidth":128
                }, 
                {
                 "id":62,
                 "image":"..\/images\/tiles\/grassHalf_mid.png",
                 "imageheight":128,
                 "imagewidth":128
                }, 
                {
                 "id":63,
                 "image":"..\/images\/tiles\/grassHalf_right.png",
                 "imageheight":128,
                 "imagewidth":128
                }, 
                {
                 "id":64,
                 "image":"..\/images\/tiles\/grassHill_left.png",
                 "imageheight":128,
                 "imagewidth":128
                }, 
                {
                 "id":65,
                 "image":"..\/images\/tiles\/grassHill_right.png",
                 "imageheight":128,
                 "imagewidth":128
                }, 
                {
                 "id":66,
                 "image":"..\/images\/tiles\/grassLeft.png",
                 "imageheight":128,
                 "imagewidth":128
                }, 
                {
                 "id":67,
                 "image":"..\/images\/tiles\/grassMid.png",
                 "imageheight":128,
                 "imagewidth":128
                }, 
                {
                 "id":68,
                 "image":"..\/images\/tiles\/grassRight.png",
                 "imageheight":128,
                 "imagewidth":128
                }, 
                {
                 "id":69,
                 "image":"..\/images\/tiles\/ladderMid.png",
                 "imageheight":128,
                 "imagewidth":128
                }, 
                {
                 "id":70,
                 "image":"..\/images\/tiles\/ladderTop.png",
                 "imageheight":128,
                 "imagewidth":128
                }, 
                {
                 "id":71,
                 "image":"..\/images\/tiles\/lava.png",
                 "imageheight":128,
                 "imagewidth":128
                }, 
                {
                 "id":72,
                 "image":"..\/images\/tiles\/lavaTop_high.png",
                 "imageheight":128,
                 "imagewidth":128
                }, 
                {
                 "id":73,
                 "image":"..\/images\/tiles\/lavaTop_low.png",
                 "imageheight":128,
                 "imagewidth":128
                }, 
                {
                 "id":74,
                 "image":"..\/images\/tiles\/leverLeft.png",
                 "imageheight":128,
                 "imagewidth":128
                }, 
                {
                 "id":75,
                 "image":"..\/images\/tiles\/leverMid.png",
                 "imageheight":128,
                 "imagewidth":128
                }, 
                {
                 "id":76,
                 "image":"..\/images\/tiles\/leverRight.png",
                 "imageheight":128,
                 "imagewidth":128
                }, 
                {
                 "id":77,
                 "image":"..\/images\/tiles\/lockRed.png",
                 "imageheight":128,
                 "imagewidth":128
                }, 
                {
                 "id":78,
                 "image":"..\/images\/tiles\/lockYellow.png",
                 "imageheight":128,
                 "imagewidth":128
                }, 
                {
                 "id":79,
                 "image":"..\/images\/tiles\/mushroomRed.png",
                 "imageheight":128,
                 "imagewidth":128
                }, 
                {
                 "id":80,
                 "image":"..\/images\/tiles\/planet.png",
                 "imageheight":128,
                 "imagewidth":128
                }, 
                {
                 "id":81,
                 "image":"..\/images\/tiles\/planetCenter.png",
                 "imageheight":128,
                 "imagewidth":128
                }, 
                {
                 "id":82,
                 "image":"..\/images\/tiles\/planetCenter_rounded.png",
                 "imageheight":128,
                 "imagewidth":128
                }, 
                {
                 "id":83,
                 "image":"..\/images\/tiles\/planetCliff_left.png",
                 "imageheight":128,
                 "imagewidth":128
                }, 
                {
                 "id":84,
                 "image":"..\/images\/tiles\/planetCliff_right.png",
                 "imageheight":128,
                 "imagewidth":128
                }, 
                {
                 "id":85,
                 "image":"..\/images\/tiles\/planetCliffAlt_left.png",
                 "imageheight":128,
                 "imagewidth":128
                }, 
                {
                 "id":86,
                 "image":"..\/images\/tiles\/planetCliffAlt_right.png",
                 "imageheight":128,
                 "imagewidth":128
                }, 
                {
                 "id":87,
                 "image":"..\/images\/tiles\/planetCorner_left.png",
                 "imageheight":128,
                 "imagewidth":128
                }, 
                {
                 "id":88,
                 "image":"..\/images\/tiles\/planetCorner_right.png",
                 "imageheight":128,
                 "imagewidth":128
                }, 
                {
                 "id":89,
                 "image":"..\/images\/tiles\/planetHalf.png",
                 "imageheight":128,
                 "imagewidth":128
                }, 
                {
                 "id":90,
                 "image":"..\/images\/tiles\/planetHalf_left.png",
                 "imageheight":128,
                 "imagewidth":128
                }, 
                {
                 "id":91,
                 "image":"..\/images\/tiles\/planetHalf_mid.png",
                 "imageheight":128,
                 "imagewidth":128
                }, 
                {
                 "id":92,
                 "image":"..\/images\/tiles\/planetHalf_right.png",
                 "imageheight":128,
                 "imagewidth":128
                }, 
                {
                 "id":93,
                 "image":"..\/images\/tiles\/planetHill_left.png",
                 "imageheight":128,
                 "imagewidth":128
                }, 
                {
                 "id":94,
                 "image":"..\/images\/tiles\/planetHill_right.png",
                 "imageheight":128,
                 "imagewidth":128
                }, 
                {
                 "id":95,
                 "image":"..\/images\/tiles\/planetLeft.png",
                 "imageheight":128,
                 "imagewidth":128
                }, 
                {
                 "id":96,
                 "image":"..\/images\/tiles\/planetMid.png",
                 "imageheight":128,
                 "imagewidth":128
                }, 
                {
                 "id":97,
                 "image":"..\/images\/tiles\/planetRight.png",
                 "imageheight":128,
                 "imagewidth":128
                }, 
                {
                 "id":98,
                 "image":"..\/images\/tiles\/plantPurple.png",
                 "imageheight":128,
                 "imagewidth":128
                }, 
                {
                 "id":99,
                 "image":"..\/images\/tiles\/rock.png",
                 "imageheight":128,
                 "imagewidth":128
                }, 
                {
                 "id":100,
                 "image":"..\/images\/tiles\/sand.png",
                 "imageheight":128,
                 "imagewidth":128
                }, 
                {
                 "id":101,
                 "image":"..\/images\/tiles\/sandCenter.png",
                 "imageheight":128,
                 "imagewidth":128
                }, 
                {
                 "id":102,
                 "image":"..\/images\/tiles\/sandCenter_rounded.png",
                 "imageheight":128,
                 "imagewidth":128
                }, 
                {
                 "id":103,
                 "image":"..\/images\/tiles\/sandCliff_left.png",
                 "imageheight":128,
                 "imagewidth":128
                }, 
                {
                 "id":104,
                 "image":"..\/images\/tiles\/sandCliff_right.png",
                 "imageheight":128,
                 "imagewidth":128
                }, 
                {
                 "id":105,
                 "image":"..\/images\/tiles\/sandCliffAlt_left.png",
                 "imageheight":128,
                 "imagewidth":128
                }, 
                {
                 "id":106,
                 "image":"..\/images\/tiles\/sandCliffAlt_right.png",
                 "imageheight":128,
                 "imagewidth":128
                }, 
                {
                 "id":107,
                 "image":"..\/images\/tiles\/sandCorner_left.png",
                 "imageheight":128,
                 "imagewidth":128
                }, 
                {
                 "id":108,
                 "image":"..\/images\/tiles\/sandCorner_right.png",
                 "imageheight":128,
                 "imagewidth":128
                }, 
                {
                 "id":109,
                 "image":"..\/images\/tiles\/sandHalf.png",
                 "imageheight":128,
                 "imagewidth":128
                }, 
                {
                 "id":110,
                 "image":"..\/images\/tiles\/sandHalf_left.png",
                 "imageheight":128,
                 "imagewidth":128
                }, 
                {
                 "id":111,
                 "image":"..\/images\/tiles\/sandHalf_mid.png",
                 "imageheight":128,
                 "imagewidth":128
                }, 
                {
                 "id":112,
                 "image":"..\/images\/tiles\/sandHalf_right.png",
                 "imageheight":128,
                 "imagewidth":128
                }, 
                {
                 "id":113,
                 "image":"..\/images\/tiles\/sandHill_left.png",
                 "imageheight":128,
                 "imagewidth":128
                }, 
                {
                 "id":114,
                 "image":"..\/images\/tiles\/sandHill_right.png",
                 "imageheight":128,
                 "imagewidth":128
                }, 
                {
                 "id":115,
                 "image":"..\/images\/tiles\/sandLeft.png",
                 "imageheight":128,
                 "imagewidth":128
                }, 
                {
                 "id":116,
                 "image":"..\/images\/tiles\/sandMid.png",
                 "imageheight":128,
                 "imagewidth":128
                }, 
                {
                 "id":117,
                 "image":"..\/images\/tiles\/sandRight.png",
                 "imageheight":128,
                 "imagewidth":128
                }, 
                {
                 "id":118,
                 "image":"..\/images\/tiles\/signExit.png",
                 "imageheight":128,
                 "imagewidth":128
                }, 
                {
                 "id":119,
                 "image":"..\/images\/tiles\/signLeft.png",
                 "imageheight":128,
                 "imagewidth":128
                }, 
                {
                 "id":120,
                 "image":"..\/images\/tiles\/signRight.png",
                 "imageheight":128,
                 "imagewidth":128
                }, 
                {
                 "id":121,
                 "image":"..\/images\/tiles\/snow.png",
                 "imageheight":128,
                 "imagewidth":128
                }, 
                {
                 "id":122,
                 "image":"..\/images\/tiles\/snow_pile.png",
                 "imageheight":128,
                 "imagewidth":128
                }, 
                {
                 "id":123,
                 "image":"..\/images\/tiles\/snowCenter.png",
                 "imageheight":128,
                 "imagewidth":128
                }, 
                {
                 "id":124,
                 "image":"..\/images\/tiles\/snowCenter_rounded.png",
                 "imageheight":128,
                 "imagewidth":128
                }, 
                {
                 "id":125,
                 "image":"..\/images\/tiles\/snowCliff_left.png",
                 "imageheight":128,
                 "imagewidth":128
                }, 
                {
                 "id":126,
                 "image":"..\/images\/tiles\/snowCliff_right.png",
                 "imageheight":128,
                 "imagewidth":128
                }, 
                {
                 "id":127,
                 "image":"..\/images\/tiles\/snowCliffAlt_left.png",
                 "imageheight":128,
                 "imagewidth":128
                }, 
                {
                 "id":128,
                 "image":"..\/images\/tiles\/snowCliffAlt_right.png",
                 "imageheight":128,
                 "imagewidth":128
                }, 
                {
                 "id":129,
                 "image":"..\/images\/tiles\/snowCorner_left.png",
                 "imageheight":128,
                 "imagewidth":128
                }, 
                {
                 "id":130,
                 "image":"..\/images\/tiles\/snowCorner_right.png",
                 "imageheight":128,
                 "imagewidth":128
                }, 
                {
                 "id":131,
                 "image":"..\/images\/tiles\/snowHalf.png",
                 "imageheight":128,
                 "imagewidth":128
                }, 
                {
                 "id":132,
                 "image":"..\/images\/tiles\/snowHalf_left.png",
                 "imageheight":128,
                 "imagewidth":128
                }, 
                {
                 "id":133,
                 "image":"..\/images\/tiles\/snowHalf_mid.png",
                 "imageheight":128,
                 "imagewidth":128
                }, 
                {
                 "id":134,
                 "image":"..\/images\/tiles\/snowHalf_right.png",
                 "imageheight":128,
                 "imagewidth":128
                }, 
                {
                 "id":135,
                 "image":"..\/images\/tiles\/snowHill_left.png",
                 "imageheight":128,
                 "imagewidth":128,
                 "objectgroup":
                    {
                     "draworder":"index",
                     "name":"",
                     "objects":[
                            {
                             "height":0,
                             "id":1,
                             "name":"",
                             "polygon":[
                                    {
                                     "x":0,
                                     "y":0
                                    }, 
                                    {
                                     "x":128,
                                     "y":128
                                    }, 
                                    {
                                     "x":0,
                                     "y":128
                                    }],
                             "rotation":0,
                             "type":"",
                             "visible":true,
                             "width":0,
                             "x":0,
                             "y":0
                            }],
                     "opacity":1,
                     "type":"objectgroup",
                     "visible":true,
                     "x":0,
                     "y":0
                    }
                }, 
                {
                 "id":136,
                 "image":"..\/images\/tiles\/snowHill_right.png",
                 "imageheight":128,
                 "imagewidth":128,
                 "objectgroup":
                    {
                     "draworder":"index",
                     "name":"",
                     "objects":[
                            {
                             "height":0,
                             "id":1,
                             "name":"",
                             "polygon":[
                                    {
                                     "x":0,
                                     "y":0
                                    }, 
                                    {
                                     "x":128,
                                     "y":-128
                                    }, 
                                    {
                                     "x":128,
                                     "y":0
                                    }],
                             "rotation":0,
                             "type":"",
                             "visible":true,
                             "width":0,
                             "x":0,
                             "y":128
                            }],
                     "opacity":1,
                     "type":"objectgroup",
                     "visible":true,
                     "x":0,
                     "y":0
                    }
                }, 
                {
                 "id":137,
                 "image":"..\/images\/tiles\/snowLeft.png",
                 "imageheight":128,
                 "imagewidth":128
                }, 
                {
                 "id":138,
                 "image":"..\/images\/tiles\/snowMid.png",
                 "imageheight":128,
                 "imagewidth":128
                }, 
                {
                 "id":139,
                 "image":"..\/images\/tiles\/snowRight.png",
                 "imageheight":128,
                 "imagewidth":128
                }, 
                {
                 "id":140,
                 "image":"..\/images\/tiles\/spikes.png",
                 "imageheight":128,
                 "imagewidth":128,
                 "objectgroup":
                    {
                     "draworder":"index",
                     "name":"",
                     "objects":[
                            {
                             "height":0,
                             "id":1,
                             "name":"",
                             "polygon":[
                                    {
                                     "x":0,
                                     "y":0
                                    }, 
                                    {
                                     "x":20.1818,
                                     "y":-60
                                    }, 
                                    {
                                     "x":41.0909,
                                     "y":1.09091
                                    }, 
                                    {
                                     "x":61.6364,
                                     "y":-59.2727
                                    }, 
                                    {
                                     "x":84.5455,
                                     "y":1.45455
                                    }, 
                                    {
                                     "x":106.364,
                                     "y":-62
                                    }, 
                                    {
                                     "x":127.273,
                                     "y":2.72727
                                    }, 
                                    {
                                     "x":127.636,
                                     "y":4.54545
                                    }, 
                                    {
                                     "x":-0.363636,
                                     "y":4.54545
                                    }],
                             "rotation":0,
                             "type":"",
                             "visible":true,
                             "width":0,
                             "x":0.363636,
                             "y":123.455
                            }],
                     "opacity":1,
                     "type":"objectgroup",
                     "visible":true,
                     "x":0,
                     "y":0
                    }
                }, 
                {
                 "id":141,
                 "image":"..\/images\/tiles\/stone.png",
                 "imageheight":128,
                 "imagewidth":128
                }, 
                {
                 "id":142,
                 "image":"..\/images\/tiles\/stoneCenter.png",
                 "imageheight":128,
                 "imagewidth":128
                }, 
                {
                 "id":143,
                 "image":"..\/images\/tiles\/stoneCenter_rounded.png",
                 "imageheight":128,
                 "imagewidth":128
                }, 
                {
                 "id":144,
                 "image":"..\/images\/tiles\/stoneCliff_left.png",
                 "imageheight":128,
                 "imagewidth":128
                }, 
                {
                 "id":145,
                 "image":"..\/images\/tiles\/stoneCliff_right.png",
                 "imageheight":128,
                 "imagewidth":128
                }, 
                {
                 "id":146,
                 "image":"..\/images\/tiles\/stoneCliffAlt_left.png",
                 "imageheight":128,
                 "imagewidth":128
                }, 
                {
                 "id":147,
                 "image":"..\/images\/tiles\/stoneCliffAlt_right.png",
                 "imageheight":128,
                 "imagewidth":128
                }, 
                {
                 "id":148,
                 "image":"..\/images\/tiles\/stoneCorner_left.png",
                 "imageheight":128,
                 "imagewidth":128
                }, 
                {
                 "id":149,
                 "image":"..\/images\/tiles\/stoneCorner_right.png",
                 "imageheight":128,
                 "imagewidth":128
                }, 
                {
                 "id":150,
                 "image":"..\/images\/tiles\/stoneHalf.png",
                 "imageheight":128,
                 "imagewidth":128
                }, 
                {
                 "id":151,
                 "image":"..\/images\/tiles\/stoneHalf_left.png",
                 "imageheight":128,
                 "imagewidth":128
                }, 
                {
                 "id":152,
                 "image":"..\/images\/tiles\/stoneHalf_mid.png",
                 "imageheight":128,
                 "imagewidth":128
                }, 
                {
                 "id":153,
                 "image":"..\/images\/tiles\/stoneHalf_right.png",
                 "imageheight":128,
                 "imagewidth":128
                }, 
                {
                 "id":154,
                 "image":"..\/images\/tiles\/stoneHill_left.png",
                 "imageheight":128,
                 "imagewidth":128
                }, 
                {
                 "id":155,
                 "image":"..\/images\/tiles\/stoneHill_right.png",
                 "imageheight":128,
                 "imagewidth":128
                }, 
                {
                 "id":156,
                 "image":"..\/images\/tiles\/stoneLeft.png",
                 "imageheight":128,
                 "imagewidth":128
                }, 
                {
                 "id":157,
                 "image":"..\/images\/tiles\/stoneMid.png",
                 "imageheight":128,
                 "imagewidth":128
                }, 
                {
                 "id":158,
                 "image":"..\/images\/tiles\/stoneRight.png",
                 "imageheight":128,
                 "imagewidth":128
                }, 
                {
                 "id":159,
                 "image":"..\/images\/tiles\/switchGreen.png",
                 "imageheight":128,
                 "imagewidth":128
                }, 
                {
                 "id":160,
                 "image":"..\/images\/tiles\/switchGreen_pressed.png",
                 "imageheight":128,
                 "imagewidth":128
                }, 
                {
                 "id":161,
                 "image":"..\/images\/tiles\/switchRed.png",
                 "imageheight":128,
                 "imagewidth":128
                }, 
                {
                 "id":162,
                 "image":"..\/images\/tiles\/switchRed_pressed.png",
                 "imageheight":128,
                 "imagewidth":128
                }, 
                {
                 "id":163,
                 "image":"..\/images\/tiles\/water.png",
                 "imageheight":128,
                 "imagewidth":128
                }, 
                {
                 "id":164,
                 "image":"..\/images\/tiles\/waterTop_high.png",
                 "imageheight":128,
                 "imagewidth":128
                }, 
                {
                 "id":165,
                 "image":"..\/images\/tiles\/waterTop_low.png",
                 "imageheight":128,
                 "imagewidth":128
                }],
         "tilewidth":128
        }],
 "tilewidth":128,
 "type":"map",
 "version":1.4,
 "width":40
}